{
  "last_updated" : 1743711895,
  "ttl" : 60,
  "version" : "2.0",
  "data" : {
    "providers" : [ {
      "provider_id" : "publibike",
      "ttl" : 180,
      "language" : "en",
      "name" : "Publibike",
      "vehicle_type" : "Bike",
      "timezone" : "MEZ",
      "rental_apps" : {
        "ios" : {
          "store_uri" : "https://apps.apple.com/ch/app/publibike-app/id1273769305"
        },
        "android" : {
          "store_uri" : "https://play.google.com/store/apps/details?id=ch.publibike.app"
        }
      },
      "last_updated" : 1722703199
    }, {
      "provider_id" : "carvelo2go",
      "ttl" : 60,
      "language" : "en",
      "name" : "Carvelo2go",
      "vehicle_type" : "E-CargoBike",
      "operator" : "Mobilitätsakademie AG des TCS",
      "url" : "https://www.carvelo.ch",
      "email" : "info@carvelo.ch",
      "phone_number" : "058 827 34 14",
      "timezone" : "Europe/Zurich",
      "rental_apps" : {
        "ios" : {
          "store_uri" : "https://apps.apple.com/ch/app/carvelo2go/id1272672674"
        },
        "android" : {
          "store_uri" : "https://play.google.com/store/apps/details?id=ch.carvelo2go.app"
        }
      },
      "last_updated" : 1722703387
    }, {
      "provider_id" : "voiscooters.com",
      "ttl" : 0,
      "language" : "en",
      "name" : "Voi",
      "vehicle_type" : "E-Scooter",
      "timezone" : "UTC",
      "rental_apps" : {
        "ios" : {
          "store_uri" : "https://apps.apple.com/ch/app/voi-scooters-get-magic-wheels/id1395921017"
        },
        "android" : {
          "store_uri" : "https://play.google.com/store/apps/details?id=io.voiapp.voi"
        }
      },
      "last_updated" : 1722703324
    }, {
      "provider_id" : "publiebike",
      "ttl" : 180,
      "language" : "en",
      "name" : "PubliBike",
      "vehicle_type" : "E-Bike",
      "timezone" : "MEZ",
      "rental_apps" : {
        "ios" : {
          "store_uri" : "https://apps.apple.com/ch/app/publibike-app/id1273769305"
        },
        "android" : {
          "store_uri" : "https://play.google.com/store/apps/details?id=ch.publibike.app"
        }
      },
      "last_updated" : 1722703276
    }, {
      "provider_id" : "edrivecarsharing",
      "ttl" : 60,
      "language" : "en",
      "name" : "edrive carsharing",
      "vehicle_type" : "E-Car",
      "timezone" : "Europe/Zurich",
      "rental_apps" : {
        "ios" : {
          "store_uri" : "https://apps.apple.com/ch/app/edrive-carsharing/id1538587480"
        },
        "android" : {
          "store_uri" : "https://play.google.com/store/apps/details?id=com.zemtu.edrive&hl=de&gl=US"
        }
      },
      "last_updated" : 1722703300
    }, {
      "provider_id" : "mobility",
      "ttl" : 300,
      "language" : "en",
      "name" : "Mobility",
      "vehicle_type" : "Car",
      "url" : "https://www.mobility.ch",
      "email" : "office@mobility.ch",
      "timezone" : "CET",
      "rental_apps" : {
        "ios" : {
          "store_uri" : "https://apps.apple.com/ch/app/mobility-schweiz/id362028864"
        },
        "android" : {
          "store_uri" : "https://play.google.com/store/apps/details?id=ch.mobility.mobidroid.main"
        }
      },
      "last_updated" : 1722703098
    }, {
      "provider_id" : "emobility",
      "ttl" : 300,
      "language" : "en",
      "name" : "Mobility",
      "vehicle_type" : "E-Car",
      "url" : "https://www.mobility.ch",
      "email" : "office@mobility.ch",
      "timezone" : "CET",
      "rental_apps" : {
        "ios" : {
          "store_uri" : "https://apps.apple.com/ch/app/mobility-schweiz/id362028864"
        },
        "android" : {
          "store_uri" : "https://play.google.com/store/apps/details?id=ch.mobility.mobidroid.main"
        }
      },
      "last_updated" : 1722703320
    }, {
      "provider_id" : "tier",
      "ttl" : 60,
      "language" : "en",
      "name" : "TIER E-Scooter-Sharing",
      "vehicle_type" : "E-Scooter",
      "timezone" : "CET",
      "rental_apps" : {
        "ios" : {
          "store_uri" : "https://apps.apple.com/ch/app/tier-e-scooter-sharing-mehr/id1436140272"
        },
        "android" : {
          "store_uri" : "https://play.google.com/store/apps/details?id=com.tier.app&hl=de&gl=US"
        }
      },
      "last_updated" : 1722703270
    }, {
      "provider_id" : "sponticar",
      "ttl" : 60,
      "language" : "en",
      "name" : "Sponti-Car",
      "vehicle_type" : "E-Car",
      "url" : "https://sponti-car.ch/",
      "email" : "info@sponti-car.ch",
      "phone_number" : "055 264 10 00",
      "timezone" : "CET",
      "last_updated" : 1722703268,
      "purchase_url" : "https://ibiola.com/login"
    }, {
      "provider_id" : "nextbike_ch",
      "ttl" : 60,
      "language" : "en",
      "name" : "Nextbike",
      "vehicle_type" : "Bike",
      "operator" : "nextbike GmbH, Erich-Zeigner Allee 69-73, 04229 Leipzig",
      "url" : "https://www.nextbike.ch/",
      "email" : "info@nextbike.ch",
      "phone_number" : "0041415080800",
      "timezone" : "Europe/Brussels",
      "rental_apps" : {
        "ios" : {
          "store_uri" : "https://apps.apple.com/app/id504288371",
          "discovery_uri" : "nextbike://"
        },
        "android" : {
          "store_uri" : "https://play.google.com/store/apps/details?id=de.nextbike",
          "discovery_uri" : "https://app.nextbike.net/"
        }
      },
      "last_updated" : 1722703340
    }, {
      "provider_id" : "donkey_thun",
      "ttl" : 60,
      "language" : "en",
      "name" : "Donkey Republik",
      "vehicle_type" : "Bike",
      "operator" : "Donkey Republic",
      "url" : "https://www.donkey.bike/cities/bike-rental-thun/",
      "email" : "support@donkeyrepublic.com",
      "phone_number" : "0041 31 539 18 90",
      "timezone" : "Europe/Zurich",
      "rental_apps" : {
        "ios" : {
          "store_uri" : "https://apps.apple.com/pl/app/donkey-republic/id933526449",
          "discovery_uri" : "donkey://"
        },
        "android" : {
          "store_uri" : "https://play.google.com/store/apps/details?id=com.donkeyrepublic.bike.android",
          "discovery_uri" : "https://dnky.bike"
        }
      },
      "last_updated" : 1722703368,
      "purchase_url" : "https://www.donkey.bike/pricing/"
    }, {
      "provider_id" : "donkey_neuchatel",
      "ttl" : 60,
      "language" : "en",
      "name" : "Donkey Republic",
      "vehicle_type" : "Bike",
      "operator" : "Donkey Republic",
      "url" : "https://www.donkey.bike/cities/bike-rental-neuchatel/",
      "email" : "support@donkeyrepublic.com",
      "phone_number" : "0041 31 539 18 90",
      "timezone" : "Europe/Zurich",
      "rental_apps" : {
        "ios" : {
          "store_uri" : "https://apps.apple.com/pl/app/donkey-republic/id933526449",
          "discovery_uri" : "donkey://"
        },
        "android" : {
          "store_uri" : "https://play.google.com/store/apps/details?id=com.donkeyrepublic.bike.android",
          "discovery_uri" : "https://dnky.bike"
        }
      },
      "last_updated" : 1722703277,
      "purchase_url" : "https://www.donkey.bike/pricing/"
    }, {
      "provider_id" : "donkey_yverdon-les-bains",
      "ttl" : 60,
      "language" : "en",
      "name" : "Donkey Republic",
      "vehicle_type" : "Bike",
      "operator" : "Donkey Republic",
      "url" : "https://www.donkey.bike/cities/bike-rental-yverdon-les-bains/",
      "email" : "support@donkeyrepublic.com",
      "phone_number" : "0041 31 539 18 90",
      "timezone" : "Europe/Zurich",
      "rental_apps" : {
        "ios" : {
          "store_uri" : "https://apps.apple.com/pl/app/donkey-republic/id933526449",
          "discovery_uri" : "donkey://"
        },
        "android" : {
          "store_uri" : "https://play.google.com/store/apps/details?id=com.donkeyrepublic.bike.android",
          "discovery_uri" : "https://dnky.bike"
        }
      },
      "last_updated" : 1722703216,
      "purchase_url" : "https://www.donkey.bike/pricing/"
    }, {
      "provider_id" : "donkey_sion",
      "ttl" : 60,
      "language" : "en",
      "name" : "Donkey Republic",
      "vehicle_type" : "Bike",
      "operator" : "Donkey Republic",
      "url" : "https://www.donkey.bike/cities/bike-rental-sion/",
      "email" : "support@donkeyrepublic.com",
      "phone_number" : "0041 31 539 18 90",
      "timezone" : "Europe/Zurich",
      "rental_apps" : {
        "ios" : {
          "store_uri" : "https://apps.apple.com/pl/app/donkey-republic/id933526449",
          "discovery_uri" : "donkey://"
        },
        "android" : {
          "store_uri" : "https://play.google.com/store/apps/details?id=com.donkeyrepublic.bike.android",
          "discovery_uri" : "https://dnky.bike"
        }
      },
      "last_updated" : 1722703338,
      "purchase_url" : "https://www.donkey.bike/pricing/"
    }, {
      "provider_id" : "donkey_le_locle",
      "ttl" : 60,
      "language" : "en",
      "name" : "Donkey Republic",
      "vehicle_type" : "Bike",
      "operator" : "Donkey Republic",
      "url" : "https://www.donkey.bike/cities/bike-rental-le-locle/",
      "email" : "support@donkeyrepublic.com",
      "phone_number" : "0041 31 539 18 90",
      "timezone" : "Europe/Zurich",
      "rental_apps" : {
        "ios" : {
          "store_uri" : "https://apps.apple.com/pl/app/donkey-republic/id933526449",
          "discovery_uri" : "donkey://"
        },
        "android" : {
          "store_uri" : "https://play.google.com/store/apps/details?id=com.donkeyrepublic.bike.android",
          "discovery_uri" : "https://dnky.bike"
        }
      },
      "last_updated" : 1722703307,
      "purchase_url" : "https://www.donkey.bike/pricing/"
    }, {
      "provider_id" : "donkey_ge",
      "ttl" : 60,
      "language" : "en",
      "name" : "Donkey Republic",
      "vehicle_type" : "Bike",
      "operator" : "Donkey Republic",
      "url" : "https://www.donkey.bike/cities/bike-rental-geneva/",
      "email" : "support@donkeyrepublic.com",
      "phone_number" : "+41315391890",
      "timezone" : "Europe/Zurich",
      "rental_apps" : {
        "ios" : {
          "store_uri" : "https://apps.apple.com/pl/app/donkey-republic/id933526449",
          "discovery_uri" : "donkey://"
        },
        "android" : {
          "store_uri" : "https://play.google.com/store/apps/details?id=com.donkeyrepublic.bike.android",
          "discovery_uri" : "https://dnky.bike"
        }
      },
      "last_updated" : 1722703340,
      "purchase_url" : "https://www.donkey.bike/pricing/"
    }, {
      "provider_id" : "bird-platform-partner-jmfleets-bulle",
      "ttl" : 60,
      "language" : "en",
      "name" : "JM Fleets",
      "vehicle_type" : "E-Scooter",
      "operator" : "Bird Rides, Inc.",
      "timezone" : "Europe/Zurich",
      "rental_apps" : {
        "ios" : {
          "store_uri" : "https://apps.apple.com/ch/app/bird-genie%C3%9Fe-die-fahrt/id1260842311"
        },
        "android" : {
          "store_uri" : "https://play.google.com/store/apps/details?id=co.bird.android&hl=de_CH&gl=US"
        }
      },
      "last_updated" : 1722703311
    }, {
      "provider_id" : "bird-platform-partner-jmfleetswl-biel",
      "ttl" : 60,
      "language" : "en",
      "name" : "JM Fleets",
      "vehicle_type" : "E-Scooter",
      "operator" : "Bird Rides, Inc.",
      "timezone" : "Europe/Zurich",
      "rental_apps" : {
        "ios" : {
          "store_uri" : "https://apps.apple.com/ch/app/bird-genie%C3%9Fe-die-fahrt/id1260842311"
        },
        "android" : {
          "store_uri" : "https://play.google.com/store/apps/details?id=co.bird.android&hl=de_CH&gl=US"
        }
      },
      "last_updated" : 1722703364
    }, {
      "provider_id" : "tier_ebike",
      "ttl" : 60,
      "language" : "en",
      "name" : "TIER E-Bike-Sharing",
      "vehicle_type" : "E-Bike",
      "timezone" : "CET",
      "rental_apps" : {
        "ios" : {
          "store_uri" : "https://apps.apple.com/ch/app/tier-e-scooter-sharing-mehr/id1436140272"
        },
        "android" : {
          "store_uri" : "https://play.google.com/store/apps/details?id=com.tier.app&hl=de&gl=US"
        }
      },
      "last_updated" : 1722703244
    }, {
      "provider_id" : "2em_cars",
      "ttl" : 300,
      "language" : "en",
      "name" : "2EM Car Sharing",
      "vehicle_type" : "Car",
      "operator" : "2EM Car Sharing",
      "url" : "https://www.2em.ch",
      "email" : "contact@2em.ch",
      "phone_number" : "0041 58 255 28 66",
      "timezone" : "Europe/Zurich",
      "rental_apps" : {
        "ios" : {
          "store_uri" : "https://apps.apple.com/fr/app/2em-car-sharing/id1517096697",
          "discovery_uri" : "ch.2em://"
        },
        "android" : {
          "store_uri" : "ch.2em://",
          "discovery_uri" : "https://play.google.com/store/apps/details?id=ch.app2em"
        }
      },
      "last_updated" : 1722702904,
      "purchase_url" : "https://www.2em.ch"
    }, {
      "provider_id" : "lime_zurich_ebike",
      "ttl" : 0,
      "language" : "en",
      "name" : "Lime",
      "vehicle_type" : "E-Bike",
      "timezone" : "Europe/Zurich",
      "rental_apps" : {
        "ios" : {
          "store_uri" : "https://apps.apple.com/de/app/lime-immer-mobil/id1199780189"
        },
        "android" : {
          "store_uri" : "https://play.google.com/store/apps/details?id=com.limebike&hl=de"
        }
      },
      "last_updated" : 1722703327
    }, {
      "provider_id" : "lime_zurich_escooter",
      "ttl" : 0,
      "language" : "en",
      "name" : "Lime",
      "vehicle_type" : "E-Scooter",
      "timezone" : "Europe/Zurich",
      "rental_apps" : {
        "ios" : {
          "store_uri" : "https://apps.apple.com/app/lime-your-ride-anytime/id1199780189"
        },
        "android" : {
          "store_uri" : "https://play.google.com/store/apps/details?id=com.limebike"
        }
      },
      "last_updated" : 1722703327
    }, {
      "provider_id" : "lime_opfikon_escooter",
      "ttl" : 0,
      "language" : "en",
      "name" : "Lime",
      "vehicle_type" : "E-Scooter",
      "timezone" : "Europe/Zurich",
      "rental_apps" : {
        "ios" : {
          "store_uri" : "https://apps.apple.com/app/lime-your-ride-anytime/id1199780189"
        },
        "android" : {
          "store_uri" : "https://play.google.com/store/apps/details?id=com.limebike"
        }
      },
      "last_updated" : 1722703371
    }, {
      "provider_id" : "lime_zug_escooter",
      "ttl" : 0,
      "language" : "en",
      "name" : "Lime",
      "vehicle_type" : "E-Scooter",
      "timezone" : "Europe/Zurich",
      "rental_apps" : {
        "ios" : {
          "store_uri" : "https://apps.apple.com/app/lime-your-ride-anytime/id1199780189"
        },
        "android" : {
          "store_uri" : "https://play.google.com/store/apps/details?id=com.limebike"
        }
      },
      "last_updated" : 1722703264
    }, {
      "provider_id" : "lime_uster_escooter",
      "ttl" : 0,
      "language" : "en",
      "name" : "Lime",
      "vehicle_type" : "E-Scooter",
      "timezone" : "Europe/Zurich",
      "rental_apps" : {
        "ios" : {
          "store_uri" : "https://apps.apple.com/app/lime-your-ride-anytime/id1199780189"
        },
        "android" : {
          "store_uri" : "https://play.google.com/store/apps/details?id=com.limebike"
        }
      },
      "last_updated" : 1722703213
    }, {
      "provider_id" : "lime_winterthur_escooter",
      "ttl" : 0,
      "language" : "en",
      "name" : "Lime",
      "vehicle_type" : "E-Scooter",
      "timezone" : "Europe/Zurich",
      "rental_apps" : {
        "ios" : {
          "store_uri" : "https://apps.apple.com/app/lime-your-ride-anytime/id1199780189"
        },
        "android" : {
          "store_uri" : "https://play.google.com/store/apps/details?id=com.limebike"
        }
      },
      "last_updated" : 1722703353
    }, {
      "provider_id" : "lime_basel_escooter",
      "ttl" : 0,
      "language" : "en",
      "name" : "Lime",
      "vehicle_type" : "E-Scooter",
      "timezone" : "Europe/Zurich",
      "rental_apps" : {
        "ios" : {
          "store_uri" : "https://apps.apple.com/app/lime-your-ride-anytime/id1199780189"
        },
        "android" : {
          "store_uri" : "https://play.google.com/store/apps/details?id=com.limebike"
        }
      },
      "last_updated" : 1722703263
    }, {
      "provider_id" : "lime_opfikon_ebike",
      "ttl" : 0,
      "language" : "en",
      "name" : "Lime",
      "vehicle_type" : "E-Bike",
      "timezone" : "Europe/Zurich",
      "rental_apps" : {
        "ios" : {
          "store_uri" : "https://apps.apple.com/app/lime-your-ride-anytime/id1199780189"
        },
        "android" : {
          "store_uri" : "https://play.google.com/store/apps/details?id=com.limebike"
        }
      },
      "last_updated" : 1722703371
    }, {
      "provider_id" : "lime_wetzikon_escooter",
      "ttl" : 0,
      "language" : "en",
      "name" : "Lime",
      "vehicle_type" : "E-Scooter",
      "timezone" : "Europe/Zurich",
      "rental_apps" : {
        "ios" : {
          "store_uri" : "https://apps.apple.com/app/lime-your-ride-anytime/id1199780189"
        },
        "android" : {
          "store_uri" : "https://play.google.com/store/apps/details?id=com.limebike"
        }
      },
      "last_updated" : 1722703227
    }, {
      "provider_id" : "pickebike_basel_ebike",
      "ttl" : 60,
      "language" : "en",
      "name" : "Pick-e-Bike Basel",
      "vehicle_type" : "E-Bike",
      "phone_number" : "+41848020304",
      "timezone" : "Europe/Zurich",
      "rental_apps" : {
        "ios" : {
          "store_uri" : "https://apps.apple.com/ch/app/pick-e-bike/id1373747610",
          "discovery_uri" : "pickebike://"
        },
        "android" : {
          "store_uri" : "https://play.google.com/store/apps/details?id=ch.pickebike",
          "discovery_uri" : "pickebike://"
        }
      },
      "last_updated" : 1719298860
    }, {
      "provider_id" : "pickebike_basel_emoped",
      "ttl" : 60,
      "language" : "en",
      "name" : "Pick-e-Bike Basel",
      "vehicle_type" : "E-Moped",
      "phone_number" : "+41848020304",
      "timezone" : "Europe/Zurich",
      "rental_apps" : {
        "ios" : {
          "store_uri" : "https://apps.apple.com/ch/app/pick-e-bike/id1373747610",
          "discovery_uri" : "pickebike://"
        },
        "android" : {
          "store_uri" : "https://play.google.com/store/apps/details?id=ch.pickebike",
          "discovery_uri" : "pickebike://"
        }
      },
      "last_updated" : 1719298860
    }, {
      "provider_id" : "pickebike_fribourg_ebike",
      "ttl" : 60,
      "language" : "en",
      "name" : "Pick-e-Bike Fribourg",
      "vehicle_type" : "E-Bike",
      "phone_number" : "+41848020304",
      "timezone" : "Europe/Zurich",
      "rental_apps" : {
        "ios" : {
          "store_uri" : "https://apps.apple.com/ch/app/pick-e-bike/id1373747610",
          "discovery_uri" : "pickebike://"
        },
        "android" : {
          "store_uri" : "https://play.google.com/store/apps/details?id=ch.pickebike",
          "discovery_uri" : "pickebike://"
        }
      },
      "last_updated" : 1719298861
    }, {
      "provider_id" : "pickebike_aubonne_ebike",
      "ttl" : 60,
      "language" : "en",
      "name" : "Pick-e-Bike Aubonne",
      "vehicle_type" : "E-Bike",
      "phone_number" : "+41218215400",
      "timezone" : "Europe/Zurich",
      "rental_apps" : {
        "ios" : {
          "store_uri" : "https://apps.apple.com/ch/app/pick-e-bike/id1373747610",
          "discovery_uri" : "pickebike://"
        },
        "android" : {
          "store_uri" : "https://play.google.com/store/apps/details?id=ch.pickebike",
          "discovery_uri" : "pickebike://"
        }
      },
      "last_updated" : 1719298860
    }, {
      "provider_id" : "bird-zurich-escooter",
      "ttl" : 60,
      "language" : "en",
      "name" : "Bird",
      "vehicle_type" : "E-Scooter",
      "operator" : "Bird Rides, Inc.",
      "timezone" : "Europe/Zurich",
      "rental_apps" : {
        "ios" : {
          "store_uri" : "https://apps.apple.com/us/app/bird-be-free-enjoy-the-ride/id1260842311",
          "discovery_uri" : "bird://"
        },
        "android" : {
          "store_uri" : "https://play.google.com/store/apps/details?id=co.bird.android",
          "discovery_uri" : "bird://charger-onboarding"
        }
      },
      "last_updated" : 1700059281
    }, {
      "provider_id" : "bird-basel-escooter",
      "ttl" : 60,
      "language" : "en",
      "name" : "Bird",
      "vehicle_type" : "E-Scooter",
      "operator" : "Bird Rides, Inc.",
      "timezone" : "Europe/Zurich",
      "rental_apps" : {
        "ios" : {
          "store_uri" : "https://apps.apple.com/us/app/bird-be-free-enjoy-the-ride/id1260842311",
          "discovery_uri" : "bird://"
        },
        "android" : {
          "store_uri" : "https://play.google.com/store/apps/details?id=co.bird.android",
          "discovery_uri" : "bird://charger-onboarding"
        }
      },
      "last_updated" : 1700059283
    }, {
      "provider_id" : "bird-kloten-escooter",
      "ttl" : 60,
      "language" : "en",
      "name" : "Bird",
      "vehicle_type" : "E-Scooter",
      "operator" : "Bird Rides, Inc.",
      "timezone" : "Europe/Zurich",
      "rental_apps" : {
        "ios" : {
          "store_uri" : "https://apps.apple.com/us/app/bird-be-free-enjoy-the-ride/id1260842311",
          "discovery_uri" : "bird://"
        },
        "android" : {
          "store_uri" : "https://play.google.com/store/apps/details?id=co.bird.android",
          "discovery_uri" : "bird://charger-onboarding"
        }
      },
      "last_updated" : 1700059336
    }, {
      "provider_id" : "liemobil_liechtenstein_ebike",
      "ttl" : 60,
      "language" : "en",
      "name" : "LIEmobil",
      "vehicle_type" : "E-Bike",
      "phone_number" : "+4232379494",
      "timezone" : "Europe/Zurich",
      "rental_apps" : {
        "ios" : {
          "store_uri" : "https://apps.apple.com/ch/app/liebike/id1635344551"
        },
        "android" : {
          "store_uri" : "https://play.google.com/store/apps/details?id=li.liebike"
        }
      },
      "last_updated" : 1722703200
    }, {
      "provider_id" : "share_birrer_ch",
      "ttl" : 300,
      "language" : "en",
      "name" : "Share Birrer AG",
      "vehicle_type" : "E-Car",
      "timezone" : "Europe/Zurich",
      "rental_apps" : {
        "ios" : {
          "store_uri" : "https://apps.apple.com/de/app/fleetbutler/id1385011262"
        },
        "android" : {
          "store_uri" : "https://play.google.com/store/apps/details?id=de.moqo.work"
        }
      },
      "last_updated" : 1722703206
    }, {
      "provider_id" : "donkey_kreuzlingen",
      "ttl" : 60,
      "language" : "en",
      "name" : "Regivelo.ch",
      "vehicle_type" : "Bike",
      "operator" : "Donkey Republic",
      "url" : "https://www.donkey.bike/cities/bike-rental-kreuzlingen/",
      "email" : "support@donkeyrepublic.com",
      "phone_number" : "0041 31 539 18 90",
      "timezone" : "Europe/Zurich",
      "rental_apps" : {
        "ios" : {
          "store_uri" : "https://apps.apple.com/pl/app/donkey-republic/id933526449",
          "discovery_uri" : "donkey://"
        },
        "android" : {
          "store_uri" : "https://play.google.com/store/apps/details?id=com.donkeyrepublic.bike.android",
          "discovery_uri" : "https://dnky.bike"
        }
      },
      "last_updated" : 1722703285,
      "purchase_url" : "https://www.donkey.bike/pricing/"
    }, {
      "provider_id" : "bird-winterthur",
      "ttl" : 60,
      "language" : "en",
      "name" : "Bird",
      "vehicle_type" : "E-Scooter",
      "operator" : "Bird Rides, Inc.",
      "timezone" : "Europe/Zurich",
      "rental_apps" : {
        "ios" : {
          "store_uri" : "https://apps.apple.com/ch/app/bird-genie%C3%9Fe-die-fahrt/id1260842311"
        },
        "android" : {
          "store_uri" : "https://play.google.com/store/apps/details?id=co.bird.android&hl=de_CH&gl=US"
        }
      },
      "last_updated" : 1722703362
    }, {
      "provider_id" : "velospot",
      "ttl" : 60,
      "language" : "en",
      "name" : "Velospot",
      "vehicle_type" : "Bike",
      "url" : "https://www.velospot.info/customer/public",
      "email" : "info@velospot.ch",
      "timezone" : "Europe/Zurich",
      "last_updated" : 1722700500
    } ]
  }
}