{
  "last_updated" : 1755643216,
  "ttl" : 60,
  "version" : "2.0",
  "data" : {
    "plans" : [ {
      "plan_id" : "donkey_le_locle:214",
      "url" : "https://www.donkey.bike/pricing/",
      "name" : "Bike pricing",
      "currency" : "CHF",
      "price" : 0.0,
      "description" : "No strings attached – with our pay as you ride option you can take short or long trips in the city. Forget about calculations, just get on a Donkey Bike and ride. The longer you ride, the cheaper the minutes get.",
      "provider_id" : "donkey_le_locle",
      "is_taxable" : false
    }, {
      "plan_id" : "donkey_le_locle:266",
      "url" : "https://www.donkey.bike/pricing/",
      "name" : "Ebike pricing",
      "currency" : "CHF",
      "price" : 0.0,
      "description" : "No strings attached – with our pay as you ride option you can take short or long trips in the city. Forget about calculations, just get on a Donkey Bike and ride. The longer you ride, the cheaper the minutes get.",
      "provider_id" : "donkey_le_locle",
      "is_taxable" : false
    }, {
      "plan_id" : "donkey_sion:247",
      "url" : "https://www.donkey.bike/pricing/",
      "name" : "Bike pricing",
      "currency" : "CHF",
      "price" : 0.0,
      "description" : "No strings attached – with our pay as you ride option you can take short or long trips in the city. Forget about calculations, just get on a Donkey Bike and ride. The longer you ride, the cheaper the minutes get.",
      "provider_id" : "donkey_sion",
      "is_taxable" : false
    }, {
      "plan_id" : "donkey_sion:248",
      "url" : "https://www.donkey.bike/pricing/",
      "name" : "Ebike pricing",
      "currency" : "CHF",
      "price" : 0.0,
      "description" : "No strings attached – with our pay as you ride option you can take short or long trips in the city. Forget about calculations, just get on a Donkey Bike and ride. The longer you ride, the cheaper the minutes get.",
      "provider_id" : "donkey_sion",
      "is_taxable" : false
    }, {
      "plan_id" : "donkey_sion:249",
      "url" : "https://www.donkey.bike/pricing/",
      "name" : "Trailer pricing",
      "currency" : "CHF",
      "price" : 0.0,
      "description" : "No strings attached – with our pay as you ride option you can take short or long trips in the city. Forget about calculations, just get on a Donkey Bike and ride. The longer you ride, the cheaper the minutes get.",
      "provider_id" : "donkey_sion",
      "is_taxable" : false
    }, {
      "plan_id" : "donkey_neuchatel:631",
      "url" : "https://www.donkey.bike/pricing/",
      "name" : "Trailer pricing",
      "currency" : "CHF",
      "price" : 0.0,
      "description" : "No strings attached – with our pay as you ride option you can take short or long trips in the city. Forget about calculations, just get on a Donkey Bike and ride. The longer you ride, the cheaper the minutes get.",
      "provider_id" : "donkey_neuchatel",
      "is_taxable" : false
    }, {
      "plan_id" : "donkey_neuchatel:28",
      "url" : "https://www.donkey.bike/pricing/",
      "name" : "Bike pricing",
      "currency" : "CHF",
      "price" : 0.0,
      "description" : "No strings attached – with our pay as you ride option you can take short or long trips in the city. Forget about calculations, just get on a Donkey Bike and ride. The longer you ride, the cheaper the minutes get.",
      "provider_id" : "donkey_neuchatel",
      "is_taxable" : false
    }, {
      "plan_id" : "donkey_ge:328",
      "url" : "https://www.donkey.bike/pricing/",
      "name" : "Bike pricing",
      "currency" : "CHF",
      "price" : 0.0,
      "description" : "No strings attached – with our pay as you ride option you can take short or long trips in the city. Forget about calculations, just get on a Donkey Bike and ride. The longer you ride, the cheaper the minutes get.",
      "provider_id" : "donkey_ge",
      "is_taxable" : false
    }, {
      "plan_id" : "donkey_ge:329",
      "url" : "https://www.donkey.bike/pricing/",
      "name" : "Ebike pricing",
      "currency" : "CHF",
      "price" : 0.0,
      "description" : "No strings attached – with our pay as you ride option you can take short or long trips in the city. Forget about calculations, just get on a Donkey Bike and ride. The longer you ride, the cheaper the minutes get.",
      "provider_id" : "donkey_ge",
      "is_taxable" : false
    }, {
      "plan_id" : "mobility:2305 return",
      "name" : "return",
      "currency" : "CHF",
      "price" : 0.0,
      "description" : "Lorem ipsum dolor sit amet, consectetur adipisici elit, …",
      "provider_id" : "mobility",
      "is_taxable" : false
    }, {
      "plan_id" : "mobility:2306 return",
      "name" : "return",
      "currency" : "CHF",
      "price" : 0.0,
      "description" : "Lorem ipsum dolor sit amet, consectetur adipisici elit, …",
      "provider_id" : "mobility",
      "is_taxable" : false
    }, {
      "plan_id" : "mobility:2309 return",
      "name" : "return",
      "currency" : "CHF",
      "price" : 0.0,
      "description" : "Lorem ipsum dolor sit amet, consectetur adipisici elit, …",
      "provider_id" : "mobility",
      "is_taxable" : false
    }, {
      "plan_id" : "mobility:2310 return",
      "name" : "return",
      "currency" : "CHF",
      "price" : 0.0,
      "description" : "Lorem ipsum dolor sit amet, consectetur adipisici elit, …",
      "provider_id" : "mobility",
      "is_taxable" : false
    }, {
      "plan_id" : "mobility:2312 return",
      "name" : "return",
      "currency" : "CHF",
      "price" : 0.0,
      "description" : "Lorem ipsum dolor sit amet, consectetur adipisici elit, …",
      "provider_id" : "mobility",
      "is_taxable" : false
    }, {
      "plan_id" : "mobility:2313 return",
      "name" : "return",
      "currency" : "CHF",
      "price" : 0.0,
      "description" : "Lorem ipsum dolor sit amet, consectetur adipisici elit, …",
      "provider_id" : "mobility",
      "is_taxable" : false
    }, {
      "plan_id" : "mobility:79293 return",
      "name" : "return",
      "currency" : "CHF",
      "price" : 0.0,
      "description" : "Lorem ipsum dolor sit amet, consectetur adipisici elit, …",
      "provider_id" : "mobility",
      "is_taxable" : false
    }, {
      "plan_id" : "mobility:83104 return",
      "name" : "return",
      "currency" : "CHF",
      "price" : 0.0,
      "description" : "Lorem ipsum dolor sit amet, consectetur adipisici elit, …",
      "provider_id" : "mobility",
      "is_taxable" : false
    }, {
      "plan_id" : "mobility:83105 return",
      "name" : "return",
      "currency" : "CHF",
      "price" : 0.0,
      "description" : "Lorem ipsum dolor sit amet, consectetur adipisici elit, …",
      "provider_id" : "mobility",
      "is_taxable" : false
    }, {
      "plan_id" : "mobility:83106 return",
      "name" : "return",
      "currency" : "CHF",
      "price" : 0.0,
      "description" : "Lorem ipsum dolor sit amet, consectetur adipisici elit, …",
      "provider_id" : "mobility",
      "is_taxable" : false
    }, {
      "plan_id" : "mobility:83107 return",
      "name" : "return",
      "currency" : "CHF",
      "price" : 0.0,
      "description" : "Lorem ipsum dolor sit amet, consectetur adipisici elit, …",
      "provider_id" : "mobility",
      "is_taxable" : false
    }, {
      "plan_id" : "mobility:83108 return",
      "name" : "return",
      "currency" : "CHF",
      "price" : 0.0,
      "description" : "Lorem ipsum dolor sit amet, consectetur adipisici elit, …",
      "provider_id" : "mobility",
      "is_taxable" : false
    }, {
      "plan_id" : "mobility:83171 return",
      "name" : "return",
      "currency" : "CHF",
      "price" : 0.0,
      "description" : "Lorem ipsum dolor sit amet, consectetur adipisici elit, …",
      "provider_id" : "mobility",
      "is_taxable" : false
    }, {
      "plan_id" : "mobility:2306 oneway",
      "name" : "oneway",
      "currency" : "CHF",
      "price" : 0.0,
      "description" : "Lorem ipsum dolor sit amet, consectetur adipisici elit, …",
      "provider_id" : "mobility",
      "is_taxable" : false
    }, {
      "plan_id" : "donkey_thun:821",
      "url" : "https://www.donkey.bike/pricing/",
      "name" : "Ecargo pricing",
      "currency" : "CHF",
      "price" : 0.0,
      "description" : "No strings attached – with our pay as you ride option you can take short or long trips in the city. Forget about calculations, just get on a Donkey Bike and ride. The longer you ride, the cheaper the minutes get.",
      "provider_id" : "donkey_thun",
      "is_taxable" : false
    }, {
      "plan_id" : "donkey_thun:274",
      "url" : "https://www.donkey.bike/pricing/",
      "name" : "Bike pricing",
      "currency" : "CHF",
      "price" : 0.0,
      "description" : "No strings attached – with our pay as you ride option you can take short or long trips in the city. Forget about calculations, just get on a Donkey Bike and ride. The longer you ride, the cheaper the minutes get.",
      "provider_id" : "donkey_thun",
      "is_taxable" : false
    }, {
      "plan_id" : "donkey_thun:400",
      "url" : "https://www.donkey.bike/pricing/",
      "name" : "Ebike pricing",
      "currency" : "CHF",
      "price" : 0.0,
      "description" : "No strings attached – with our pay as you ride option you can take short or long trips in the city. Forget about calculations, just get on a Donkey Bike and ride. The longer you ride, the cheaper the minutes get.",
      "provider_id" : "donkey_thun",
      "is_taxable" : false
    }, {
      "plan_id" : "donkey_yverdon-les-bains:250",
      "url" : "https://www.donkey.bike/pricing/",
      "name" : "Bike pricing",
      "currency" : "CHF",
      "price" : 0.0,
      "description" : "No strings attached – with our pay as you ride option you can take short or long trips in the city. Forget about calculations, just get on a Donkey Bike and ride. The longer you ride, the cheaper the minutes get.",
      "provider_id" : "donkey_yverdon-les-bains",
      "is_taxable" : false
    }, {
      "plan_id" : "nextbike_ch:Rate0703",
      "name" : " CHF 0 < 15min, CHF 2/15min, max. CHF 80/24h",
      "currency" : "CHF",
      "price" : 0.0,
      "description" : " CHF 0 < 15min, CHF 2/15min, max. CHF 80/24h",
      "provider_id" : "nextbike_ch",
      "is_taxable" : false
    }, {
      "plan_id" : "nextbike_ch:Rate0533",
      "name" : "CHF 0 <240min, CHF 2/15min, max. CHF 40/24h",
      "currency" : "CHF",
      "price" : 0.0,
      "description" : "CHF 0 <240min, CHF 2/15min, max. CHF 40/24h",
      "provider_id" : "nextbike_ch",
      "is_taxable" : false
    }, {
      "plan_id" : "nextbike_ch:Rate0532",
      "name" : "CHF 0 <240min, CHF 1/15min, max. CHF 20/24h",
      "currency" : "CHF",
      "price" : 0.0,
      "description" : "CHF 0 <240min, CHF 1/15min, max. CHF 20/24h",
      "provider_id" : "nextbike_ch",
      "is_taxable" : false
    }, {
      "plan_id" : "nextbike_ch:Rate0506",
      "name" : "CHF 0 <30min, CHF 1/15min, max. CHF 20/24h",
      "currency" : "CHF",
      "price" : 0.0,
      "description" : "CHF 0 <30min, CHF 1/15min, max. CHF 20/24h",
      "provider_id" : "nextbike_ch",
      "is_taxable" : false
    }, {
      "plan_id" : "nextbike_ch:Rate0505",
      "name" : "CHF 0<120min , CHF 1/15min, max. CHF 20/24h",
      "currency" : "CHF",
      "price" : 0.0,
      "description" : "CHF 0<120min , CHF 1/15min, max. CHF 20/24h",
      "provider_id" : "nextbike_ch",
      "is_taxable" : false
    }, {
      "plan_id" : "nextbike_ch:Rate0460",
      "name" : "CHF 2 < 30min, CHF 1/15min, max. CHF 20/24h",
      "currency" : "CHF",
      "price" : 0.0,
      "description" : "CHF 2 < 30min, CHF 1/15min, max. CHF 20/24h",
      "provider_id" : "nextbike_ch",
      "is_taxable" : false
    }, {
      "plan_id" : "nextbike_ch:Rate0459",
      "name" : "CHF 4 < 30min, CHF 2/15min, max. CHF 40/24h",
      "currency" : "CHF",
      "price" : 0.0,
      "description" : "CHF 4 < 30min, CHF 2/15min, max. CHF 40/24h",
      "provider_id" : "nextbike_ch",
      "is_taxable" : false
    }, {
      "plan_id" : "nextbike_ch:Rate0010",
      "name" : "Free/Frei",
      "currency" : "EUR",
      "price" : 0.0,
      "description" : "Free/Frei",
      "provider_id" : "nextbike_ch",
      "is_taxable" : false
    }, {
      "plan_id" : "emobility:2305 return",
      "name" : "return",
      "currency" : "CHF",
      "price" : 0.0,
      "description" : "Lorem ipsum dolor sit amet, consectetur adipisici elit, …",
      "provider_id" : "emobility",
      "is_taxable" : false
    }, {
      "plan_id" : "emobility:2306 return",
      "name" : "return",
      "currency" : "CHF",
      "price" : 0.0,
      "description" : "Lorem ipsum dolor sit amet, consectetur adipisici elit, …",
      "provider_id" : "emobility",
      "is_taxable" : false
    }, {
      "plan_id" : "emobility:2309 return",
      "name" : "return",
      "currency" : "CHF",
      "price" : 0.0,
      "description" : "Lorem ipsum dolor sit amet, consectetur adipisici elit, …",
      "provider_id" : "emobility",
      "is_taxable" : false
    }, {
      "plan_id" : "emobility:2310 return",
      "name" : "return",
      "currency" : "CHF",
      "price" : 0.0,
      "description" : "Lorem ipsum dolor sit amet, consectetur adipisici elit, …",
      "provider_id" : "emobility",
      "is_taxable" : false
    }, {
      "plan_id" : "emobility:2312 return",
      "name" : "return",
      "currency" : "CHF",
      "price" : 0.0,
      "description" : "Lorem ipsum dolor sit amet, consectetur adipisici elit, …",
      "provider_id" : "emobility",
      "is_taxable" : false
    }, {
      "plan_id" : "emobility:2313 return",
      "name" : "return",
      "currency" : "CHF",
      "price" : 0.0,
      "description" : "Lorem ipsum dolor sit amet, consectetur adipisici elit, …",
      "provider_id" : "emobility",
      "is_taxable" : false
    }, {
      "plan_id" : "emobility:79293 return",
      "name" : "return",
      "currency" : "CHF",
      "price" : 0.0,
      "description" : "Lorem ipsum dolor sit amet, consectetur adipisici elit, …",
      "provider_id" : "emobility",
      "is_taxable" : false
    }, {
      "plan_id" : "emobility:83104 return",
      "name" : "return",
      "currency" : "CHF",
      "price" : 0.0,
      "description" : "Lorem ipsum dolor sit amet, consectetur adipisici elit, …",
      "provider_id" : "emobility",
      "is_taxable" : false
    }, {
      "plan_id" : "emobility:83105 return",
      "name" : "return",
      "currency" : "CHF",
      "price" : 0.0,
      "description" : "Lorem ipsum dolor sit amet, consectetur adipisici elit, …",
      "provider_id" : "emobility",
      "is_taxable" : false
    }, {
      "plan_id" : "emobility:83106 return",
      "name" : "return",
      "currency" : "CHF",
      "price" : 0.0,
      "description" : "Lorem ipsum dolor sit amet, consectetur adipisici elit, …",
      "provider_id" : "emobility",
      "is_taxable" : false
    }, {
      "plan_id" : "emobility:83107 return",
      "name" : "return",
      "currency" : "CHF",
      "price" : 0.0,
      "description" : "Lorem ipsum dolor sit amet, consectetur adipisici elit, …",
      "provider_id" : "emobility",
      "is_taxable" : false
    }, {
      "plan_id" : "emobility:83108 return",
      "name" : "return",
      "currency" : "CHF",
      "price" : 0.0,
      "description" : "Lorem ipsum dolor sit amet, consectetur adipisici elit, …",
      "provider_id" : "emobility",
      "is_taxable" : false
    }, {
      "plan_id" : "emobility:83171 return",
      "name" : "return",
      "currency" : "CHF",
      "price" : 0.0,
      "description" : "Lorem ipsum dolor sit amet, consectetur adipisici elit, …",
      "provider_id" : "emobility",
      "is_taxable" : false
    }, {
      "plan_id" : "emobility:2306 oneway",
      "name" : "oneway",
      "currency" : "CHF",
      "price" : 0.0,
      "description" : "Lorem ipsum dolor sit amet, consectetur adipisici elit, …",
      "provider_id" : "emobility",
      "is_taxable" : false
    }, {
      "plan_id" : "pickebike_aubonne_ebike:default",
      "name" : "Speed-Standard",
      "currency" : "CHF",
      "price" : 0.0,
      "description" : "35 km/h go easy",
      "provider_id" : "pickebike_aubonne_ebike",
      "is_taxable" : false
    }, {
      "plan_id" : "pickebike_basel_emoped:default_2",
      "name" : "Speed-Standard",
      "currency" : "CHF",
      "price" : 1.0,
      "description" : "35 km/h go easy",
      "provider_id" : "pickebike_basel_emoped",
      "is_taxable" : false
    }, {
      "plan_id" : "pickebike_basel_emoped:default_1",
      "name" : "Speed-Standard",
      "currency" : "CHF",
      "price" : 1.0,
      "description" : "35 km/h go easy",
      "provider_id" : "pickebike_basel_emoped",
      "is_taxable" : false
    }, {
      "plan_id" : "pickebike_basel_emoped:default_4",
      "name" : "Speed-Standard",
      "currency" : "CHF",
      "price" : 1.0,
      "description" : "35 km/h go easy",
      "provider_id" : "pickebike_basel_emoped",
      "is_taxable" : false
    }, {
      "plan_id" : "pickebike_basel_emoped:default_5",
      "name" : "Speed-Standard",
      "currency" : "CHF",
      "price" : 1.0,
      "description" : "35 km/h go easy",
      "provider_id" : "pickebike_basel_emoped",
      "is_taxable" : false
    }, {
      "plan_id" : "pickebike_basel_ebike:default_4",
      "name" : "Speed-Standard",
      "currency" : "CHF",
      "price" : 1.0,
      "description" : "35 km/h go easy",
      "provider_id" : "pickebike_basel_ebike",
      "is_taxable" : false
    }, {
      "plan_id" : "pickebike_basel_ebike:default_1",
      "name" : "Speed-Standard",
      "currency" : "CHF",
      "price" : 1.0,
      "description" : "35 km/h go easy",
      "provider_id" : "pickebike_basel_ebike",
      "is_taxable" : false
    }, {
      "plan_id" : "pickebike_basel_ebike:default_2",
      "name" : "Speed-Standard",
      "currency" : "CHF",
      "price" : 1.0,
      "description" : "35 km/h go easy",
      "provider_id" : "pickebike_basel_ebike",
      "is_taxable" : false
    }, {
      "plan_id" : "pickebike_basel_ebike:default_5",
      "name" : "Speed-Standard",
      "currency" : "CHF",
      "price" : 1.0,
      "description" : "35 km/h go easy",
      "provider_id" : "pickebike_basel_ebike",
      "is_taxable" : false
    }, {
      "plan_id" : "pickebike_fribourg_ebike:default",
      "name" : "Speed-Standard",
      "currency" : "CHF",
      "price" : 0.0,
      "description" : "35 km/h go easy",
      "provider_id" : "pickebike_fribourg_ebike",
      "is_taxable" : false
    }, {
      "plan_id" : "bird-zurich-escooter:5c469505-2249-4383-9f13-8e4fd1430b0d",
      "name" : "Bird Pricing Plan",
      "currency" : "USD",
      "price" : 1.0,
      "description" : "$1.00 unlock fee, $0.39 per minute",
      "provider_id" : "bird-zurich-escooter",
      "is_taxable" : true
    }, {
      "plan_id" : "bird-basel-escooter:5c469505-2249-4383-9f13-8e4fd1430b0d",
      "name" : "Bird Pricing Plan",
      "currency" : "USD",
      "price" : 1.0,
      "description" : "$1.00 unlock fee, $0.39 per minute",
      "provider_id" : "bird-basel-escooter",
      "is_taxable" : true
    }, {
      "plan_id" : "bird-kloten-escooter:5c469505-2249-4383-9f13-8e4fd1430b0d",
      "name" : "Bird Pricing Plan",
      "currency" : "USD",
      "price" : 1.0,
      "description" : "$1.00 unlock fee, $0.39 per minute",
      "provider_id" : "bird-kloten-escooter",
      "is_taxable" : true
    }, {
      "plan_id" : "liemobil_liechtenstein_ebike:basic",
      "name" : "Standard Plan",
      "currency" : "CHF",
      "price" : 0.0,
      "description" : "Pay as you go",
      "provider_id" : "liemobil_liechtenstein_ebike",
      "is_taxable" : false
    }, {
      "plan_id" : "donkey_kreuzlingen:337",
      "url" : "https://www.donkey.bike/pricing/",
      "name" : "Bike pricing",
      "currency" : "CHF",
      "price" : 0.0,
      "description" : "No strings attached – with our pay as you ride option you can take short or long trips in the city. Forget about calculations, just get on a Donkey Bike and ride. The longer you ride, the cheaper the minutes get.",
      "provider_id" : "donkey_kreuzlingen",
      "is_taxable" : false
    }, {
      "plan_id" : "donkey_kreuzlingen:718",
      "url" : "https://www.donkey.bike/pricing/",
      "name" : "Ecargo pricing",
      "currency" : "CHF",
      "price" : 0.0,
      "description" : "No strings attached – with our pay as you ride option you can take short or long trips in the city. Forget about calculations, just get on a Donkey Bike and ride. The longer you ride, the cheaper the minutes get.",
      "provider_id" : "donkey_kreuzlingen",
      "is_taxable" : false
    }, {
      "plan_id" : "donkey_kreuzlingen:520",
      "url" : "https://www.donkey.bike/pricing/",
      "name" : "Ebike pricing",
      "currency" : "CHF",
      "price" : 0.0,
      "description" : "No strings attached – with our pay as you ride option you can take short or long trips in the city. Forget about calculations, just get on a Donkey Bike and ride. The longer you ride, the cheaper the minutes get.",
      "provider_id" : "donkey_kreuzlingen",
      "is_taxable" : false
    } ]
  }
}