{"last_updated":1759539290,"ttl":60,"version":"2.0","data":{"plans":[{"plan_id":"carvelo2go:b23fccfc-22f8-49d6-a681-a735cad6f046","url":null,"name":"Smargo Daytime Rate","currency":"CHF","price":5.0,"is_taxable":false,"description":"5 unlock fee, 5.00 per day time hour (from 8 till 22), 0.00 per night time hour (from 22 till 8)","provider_id":"carvelo2go"},{"plan_id":"carvelo2go:efee4075-81aa-4707-de2e-e0b087e66c49","url":null,"name":"Simple Daytime Rate","currency":"CHF","price":5.0,"is_taxable":false,"description":"5 unlock fee, 3.50 per day time hour (from 8 till 22), 0.00 per night time hour (from 22 till 8)","provider_id":"carvelo2go"},{"plan_id":"lime_uster:ANK3EJ33V6CSX","url":null,"name":"","currency":"CHF","price":1.0,"is_taxable":true,"description":"","provider_id":"lime_uster"},{"plan_id":"pickebike_fribourg:default","url":null,"name":"Standard-Subscription","currency":"CHF","price":0.0,"is_taxable":false,"description":"","provider_id":"pickebike_fribourg"},{"plan_id":"lime_zurich:IH5JKZMDDCSQV","url":null,"name":"","currency":"CHF","price":1.0,"is_taxable":true,"description":"","provider_id":"lime_zurich"},{"plan_id":"lime_zurich:3VLN33EJEXHR6","url":null,"name":"","currency":"CHF","price":1.0,"is_taxable":true,"description":"","provider_id":"lime_zurich"},{"plan_id":"lime_zurich:K32V6T3K4J52B","url":null,"name":"","currency":"CHF","price":1.0,"is_taxable":true,"description":"","provider_id":"lime_zurich"},{"plan_id":"lime_basel:GTODGHIBXM2LU","url":null,"name":"","currency":"CHF","price":1.0,"is_taxable":true,"description":"","provider_id":"lime_basel"},{"plan_id":"donkey_kreuzlingen:520","url":"https://www.donkey.bike/pricing/","name":"Ebike pricing","currency":"CHF","price":0.0,"is_taxable":false,"description":"No strings attached – with our pay as you ride option you can take short or long trips in the city. Forget about calculations, just get on a Donkey Bike and ride. The longer you ride, the cheaper the minutes get.","provider_id":"donkey_kreuzlingen"},{"plan_id":"donkey_kreuzlingen:337","url":"https://www.donkey.bike/pricing/","name":"Bike pricing","currency":"CHF","price":0.0,"is_taxable":false,"description":"No strings attached – with our pay as you ride option you can take short or long trips in the city. Forget about calculations, just get on a Donkey Bike and ride. The longer you ride, the cheaper the minutes get.","provider_id":"donkey_kreuzlingen"},{"plan_id":"donkey_kreuzlingen:718","url":"https://www.donkey.bike/pricing/","name":"Ecargo pricing","currency":"CHF","price":0.0,"is_taxable":false,"description":"No strings attached – with our pay as you ride option you can take short or long trips in the city. Forget about calculations, just get on a Donkey Bike and ride. The longer you ride, the cheaper the minutes get.","provider_id":"donkey_kreuzlingen"},{"plan_id":"pickebike_aubonne:default","url":null,"name":"Standard-Subscription","currency":"CHF","price":0.0,"is_taxable":false,"description":"","provider_id":"pickebike_aubonne"},{"plan_id":"pickebike_basel:default_6","url":null,"name":"Standard-Subscription","currency":"CHF","price":1.0,"is_taxable":false,"description":"","provider_id":"pickebike_basel"},{"plan_id":"pickebike_basel:default_2","url":null,"name":"Standard-Subscription","currency":"CHF","price":1.0,"is_taxable":false,"description":"","provider_id":"pickebike_basel"},{"plan_id":"pickebike_basel:default_5","url":null,"name":"Standard-Subscription","currency":"CHF","price":1.0,"is_taxable":false,"description":"","provider_id":"pickebike_basel"},{"plan_id":"pickebike_basel:default_1","url":null,"name":"Standard-Subscription","currency":"CHF","price":1.0,"is_taxable":false,"description":"","provider_id":"pickebike_basel"},{"plan_id":"pickebike_basel:default_4","url":null,"name":"Standard-Subscription","currency":"CHF","price":1.0,"is_taxable":false,"description":"","provider_id":"pickebike_basel"},{"plan_id":"bird-biel:5c469505-2249-4383-9f13-8e4fd1430b0d","url":null,"name":"Bird Pricing Plan","currency":"USD","price":1.0,"is_taxable":true,"description":"$1.00 unlock fee, $0.39 per minute","provider_id":"bird-biel"},{"plan_id":"bird-grenchen:5c469505-2249-4383-9f13-8e4fd1430b0d","url":null,"name":"Bird Pricing Plan","currency":"USD","price":1.0,"is_taxable":true,"description":"$1.00 unlock fee, $0.39 per minute","provider_id":"bird-grenchen"},{"plan_id":"voiscooters.com:plan-scooter-128","url":null,"name":"plan-scooter-CHF","currency":"CHF","price":1.0,"is_taxable":false,"description":"fee to start ride is 1.00 and then 0.45 per minute","provider_id":"voiscooters.com"},{"plan_id":"voiscooters.com:plan-scooter-293","url":null,"name":"plan-scooter-CHF","currency":"CHF","price":1.0,"is_taxable":false,"description":"fee to start ride is 1.00 and then 0.39 per minute","provider_id":"voiscooters.com"},{"plan_id":"voiscooters.com:plan-bike-206","url":null,"name":"plan-bike-CHF","currency":"CHF","price":1.0,"is_taxable":false,"description":"fee to start ride is 1.00 and then 0.44 per minute","provider_id":"voiscooters.com"},{"plan_id":"voiscooters.com:plan-scooter-194","url":null,"name":"plan-scooter-CHF","currency":"CHF","price":1.0,"is_taxable":false,"description":"fee to start ride is 1.00 and then 0.39 per minute","provider_id":"voiscooters.com"},{"plan_id":"voiscooters.com:plan-bike-293","url":null,"name":"plan-bike-CHF","currency":"CHF","price":1.0,"is_taxable":false,"description":"fee to start ride is 1.00 and then 0.15 per minute","provider_id":"voiscooters.com"},{"plan_id":"voiscooters.com:plan-scooter-222","url":null,"name":"plan-scooter-CHF","currency":"CHF","price":1.0,"is_taxable":false,"description":"fee to start ride is 1.00 and then 0.44 per minute","provider_id":"voiscooters.com"},{"plan_id":"voiscooters.com:plan-bike-201","url":null,"name":"plan-bike-CHF","currency":"CHF","price":1.0,"is_taxable":false,"description":"fee to start ride is 1.00 and then 0.39 per minute","provider_id":"voiscooters.com"},{"plan_id":"voiscooters.com:plan-bike-222","url":null,"name":"plan-bike-CHF","currency":"CHF","price":1.0,"is_taxable":false,"description":"fee to start ride is 1.00 and then 0.44 per minute","provider_id":"voiscooters.com"},{"plan_id":"voiscooters.com:plan-scooter-319","url":null,"name":"plan-scooter-CHF","currency":"CHF","price":1.0,"is_taxable":false,"description":"fee to start ride is 1.00 and then 0.39 per minute","provider_id":"voiscooters.com"},{"plan_id":"voiscooters.com:plan-scooter-201","url":null,"name":"plan-scooter-CHF","currency":"CHF","price":1.0,"is_taxable":false,"description":"fee to start ride is 1.00 and then 0.39 per minute","provider_id":"voiscooters.com"},{"plan_id":"voiscooters.com:plan-scooter-206","url":null,"name":"plan-scooter-CHF","currency":"CHF","price":1.0,"is_taxable":false,"description":"fee to start ride is 1.00 and then 0.44 per minute","provider_id":"voiscooters.com"},{"plan_id":"voiscooters.com:plan-bike-128","url":null,"name":"plan-bike-CHF","currency":"CHF","price":1.0,"is_taxable":false,"description":"fee to start ride is 1.00 and then 0.45 per minute","provider_id":"voiscooters.com"},{"plan_id":"voiscooters.com:plan-bike-319","url":null,"name":"plan-bike-CHF","currency":"CHF","price":1.0,"is_taxable":false,"description":"fee to start ride is 1.00 and then 0.39 per minute","provider_id":"voiscooters.com"},{"plan_id":"voiscooters.com:plan-bike-194","url":null,"name":"plan-bike-CHF","currency":"CHF","price":1.0,"is_taxable":false,"description":"fee to start ride is 1.00 and then 0.39 per minute","provider_id":"voiscooters.com"},{"plan_id":"lime_opfikon:FQPPA3OAZ5EOR","url":null,"name":"","currency":"CHF","price":1.0,"is_taxable":true,"description":"","provider_id":"lime_opfikon"},{"plan_id":"nextbike_ch:Rate0505","url":null,"name":"CHF 0<120min , CHF 1/15min, max. CHF 20/24h","currency":"CHF","price":0.0,"is_taxable":false,"description":"CHF 0<120min , CHF 1/15min, max. CHF 20/24h","provider_id":"nextbike_ch"},{"plan_id":"nextbike_ch:Rate0533","url":null,"name":"CHF 0 <240min, CHF 2/15min, max. CHF 40/24h","currency":"CHF","price":0.0,"is_taxable":false,"description":"CHF 0 <240min, CHF 2/15min, max. CHF 40/24h","provider_id":"nextbike_ch"},{"plan_id":"nextbike_ch:Rate0459","url":null,"name":"CHF 4 < 30min, CHF 2/15min, max. CHF 40/24h","currency":"CHF","price":0.0,"is_taxable":false,"description":"CHF 4 < 30min, CHF 2/15min, max. CHF 40/24h","provider_id":"nextbike_ch"},{"plan_id":"nextbike_ch:Rate0506","url":null,"name":"CHF 0 <30min, CHF 1/15min, max. CHF 20/24h","currency":"CHF","price":0.0,"is_taxable":false,"description":"CHF 0 <30min, CHF 1/15min, max. CHF 20/24h","provider_id":"nextbike_ch"},{"plan_id":"nextbike_ch:Rate0460","url":null,"name":"CHF 2 < 30min, CHF 1/15min, max. CHF 20/24h","currency":"CHF","price":0.0,"is_taxable":false,"description":"CHF 2 < 30min, CHF 1/15min, max. CHF 20/24h","provider_id":"nextbike_ch"},{"plan_id":"nextbike_ch:Rate0532","url":null,"name":"CHF 0 <240min, CHF 1/15min, max. CHF 20/24h","currency":"CHF","price":0.0,"is_taxable":false,"description":"CHF 0 <240min, CHF 1/15min, max. CHF 20/24h","provider_id":"nextbike_ch"},{"plan_id":"nextbike_ch:Rate0010","url":null,"name":"Free/Frei","currency":"EUR","price":0.0,"is_taxable":false,"description":"Free/Frei","provider_id":"nextbike_ch"},{"plan_id":"bird-kloten:5c469505-2249-4383-9f13-8e4fd1430b0d","url":null,"name":"Bird Pricing Plan","currency":"USD","price":1.0,"is_taxable":true,"description":"$1.00 unlock fee, $0.39 per minute","provider_id":"bird-kloten"},{"plan_id":"bird-platform-partner-jmfleets-bulle:5c469505-2249-4383-9f13-8e4fd1430b0d","url":null,"name":"Bird Pricing Plan","currency":"USD","price":1.0,"is_taxable":true,"description":"$1.00 unlock fee, $0.39 per minute","provider_id":"bird-platform-partner-jmfleets-bulle"},{"plan_id":"bolt_basel:528132e2-7da6-51f6-b983-d5a4f8b06ae4","url":null,"name":"BASEL SCOOTER","currency":"CHF","price":0.0,"is_taxable":false,"description":"Unlock 0.50 CHF, 0.49 CHF/MIN.","provider_id":"bolt_basel"},{"plan_id":"nextbike_ms:Rate0606","url":null,"name":"CHF 1 /15min, max CHF 20 /24h","currency":"CHF","price":0.0,"is_taxable":false,"description":"CHF 1 /15min, max CHF 20 /24h","provider_id":"nextbike_ms"},{"plan_id":"nextbike_ms:Rate0613","url":null,"name":"CHF 0 <30 min, CHF 3 /15min, max CHF 60 /24h","currency":"CHF","price":0.0,"is_taxable":false,"description":"CHF 0 <30 min, CHF 3 /15min, max CHF 60 /24h","provider_id":"nextbike_ms"},{"plan_id":"nextbike_ms:Rate0533","url":null,"name":"CHF 0 <240min, CHF 2/15min, max. CHF 40/24h","currency":"CHF","price":0.0,"is_taxable":false,"description":"CHF 0 <240min, CHF 2/15min, max. CHF 40/24h","provider_id":"nextbike_ms"},{"plan_id":"nextbike_ms:Rate0609","url":null,"name":"CHF 1 <30 min, CHF 2 /15min, max CHF 40 /24h","currency":"CHF","price":0.0,"is_taxable":false,"description":"CHF 1 <30 min, CHF 2 /15min, max CHF 40 /24h","provider_id":"nextbike_ms"},{"plan_id":"nextbike_ms:Rate0607","url":null,"name":"CHF 2 /15min, max CHF 40 /24h","currency":"CHF","price":0.0,"is_taxable":false,"description":"CHF 2 /15min, max CHF 40 /24h","provider_id":"nextbike_ms"},{"plan_id":"nextbike_ms:Rate0532","url":null,"name":"CHF 0 <240min, CHF 1/15min, max. CHF 20/24h","currency":"CHF","price":0.0,"is_taxable":false,"description":"CHF 0 <240min, CHF 1/15min, max. CHF 20/24h","provider_id":"nextbike_ms"},{"plan_id":"nextbike_ms:Rate0620","url":null,"name":"CHF 0 <30 min, CHF 1 /15min, max CHF 20 /24h","currency":"CHF","price":0.0,"is_taxable":false,"description":"CHF 0 <30 min, CHF 1 /15min, max CHF 20 /24h","provider_id":"nextbike_ms"},{"plan_id":"nextbike_ms:Rate0213","url":null,"name":"<30 min EUR 0, EUR 1 / 30 min, EUR 15 / 24h","currency":"EUR","price":0.0,"is_taxable":false,"description":"<30 min EUR 0, EUR 1 / 30 min, EUR 15 / 24h","provider_id":"nextbike_ms"},{"plan_id":"nextbike_ms:Rate0611","url":null,"name":"CHF 0 <90 min, CHF 1 /15min, max. CHF 20 /24h","currency":"CHF","price":0.0,"is_taxable":false,"description":"CHF 0 <90 min, CHF 1 /15min, max. CHF 20 /24h","provider_id":"nextbike_ms"},{"plan_id":"nextbike_ms:Rate0612","url":null,"name":"CHF 0 <30 min, CHF 2 /15min, max CHF 40 /24h","currency":"CHF","price":0.0,"is_taxable":false,"description":"CHF 0 <30 min, CHF 2 /15min, max CHF 40 /24h","provider_id":"nextbike_ms"},{"plan_id":"nextbike_ms:Rate0610","url":null,"name":"CHF 2 <30 min, CHF 3 /15min, max CHF 60 /24h","currency":"CHF","price":0.0,"is_taxable":false,"description":"CHF 2 <30 min, CHF 3 /15min, max CHF 60 /24h","provider_id":"nextbike_ms"},{"plan_id":"nextbike_ms:Rate0608","url":null,"name":"CHF 3 /15min, max CHF 60 /24h","currency":"CHF","price":0.0,"is_taxable":false,"description":"CHF 3 /15min, max CHF 60 /24h","provider_id":"nextbike_ms"},{"plan_id":"liemobil_liechtenstein:basic","url":null,"name":"Standard Plan","currency":"CHF","price":0.0,"is_taxable":false,"description":"Pay as you go","provider_id":"liemobil_liechtenstein"},{"plan_id":"bird-platform-partner-jmfleetswl-biel:5c469505-2249-4383-9f13-8e4fd1430b0d","url":null,"name":"Bird Pricing Plan","currency":"USD","price":1.0,"is_taxable":true,"description":"$1.00 unlock fee, $0.39 per minute","provider_id":"bird-platform-partner-jmfleetswl-biel"},{"plan_id":"bird-zurich:5c469505-2249-4383-9f13-8e4fd1430b0d","url":null,"name":"Bird Pricing Plan","currency":"USD","price":1.0,"is_taxable":true,"description":"$1.00 unlock fee, $0.39 per minute","provider_id":"bird-zurich"},{"plan_id":"bird-schaffhausen:5c469505-2249-4383-9f13-8e4fd1430b0d","url":null,"name":"Bird Pricing Plan","currency":"USD","price":1.0,"is_taxable":true,"description":"$1.00 unlock fee, $0.39 per minute","provider_id":"bird-schaffhausen"},{"plan_id":"bird-winterthur:5c469505-2249-4383-9f13-8e4fd1430b0d","url":null,"name":"Bird Pricing Plan","currency":"USD","price":1.0,"is_taxable":true,"description":"$1.00 unlock fee, $0.39 per minute","provider_id":"bird-winterthur"},{"plan_id":"bolt_zurich:30cac98c-970a-5708-a8a8-ae27d12822bc","url":null,"name":"ZURICH SCOOTER","currency":"CHF","price":1.0,"is_taxable":false,"description":"Unlock 1.00 CHF, 0.45 CHF/MIN.","provider_id":"bolt_zurich"},{"plan_id":"bolt_zurich:a113a2e4-6ab7-5374-afda-a34f0f3b6e24","url":null,"name":"ZURICH SCOOTER","currency":"CHF","price":0.0,"is_taxable":false,"description":"Unlock 0.79 CHF, 0.48 CHF/MIN.","provider_id":"bolt_zurich"},{"plan_id":"bird-basel:5c469505-2249-4383-9f13-8e4fd1430b0d","url":null,"name":"Bird Pricing Plan","currency":"USD","price":1.0,"is_taxable":true,"description":"$1.00 unlock fee, $0.39 per minute","provider_id":"bird-basel"},{"plan_id":"donkey_yverdon-les-bains:250","url":"https://www.donkey.bike/pricing/","name":"Bike pricing","currency":"CHF","price":0.0,"is_taxable":false,"description":"No strings attached – with our pay as you ride option you can take short or long trips in the city. Forget about calculations, just get on a Donkey Bike and ride. The longer you ride, the cheaper the minutes get.","provider_id":"donkey_yverdon-les-bains"},{"plan_id":"donkey_ge:328","url":"https://www.donkey.bike/pricing/","name":"Bike pricing","currency":"CHF","price":0.0,"is_taxable":false,"description":"No strings attached – with our pay as you ride option you can take short or long trips in the city. Forget about calculations, just get on a Donkey Bike and ride. The longer you ride, the cheaper the minutes get.","provider_id":"donkey_ge"},{"plan_id":"donkey_ge:329","url":"https://www.donkey.bike/pricing/","name":"Ebike pricing","currency":"CHF","price":0.0,"is_taxable":false,"description":"No strings attached – with our pay as you ride option you can take short or long trips in the city. Forget about calculations, just get on a Donkey Bike and ride. The longer you ride, the cheaper the minutes get.","provider_id":"donkey_ge"},{"plan_id":"donkey_thun:821","url":"https://www.donkey.bike/pricing/","name":"Ecargo pricing","currency":"CHF","price":0.0,"is_taxable":false,"description":"No strings attached – with our pay as you ride option you can take short or long trips in the city. Forget about calculations, just get on a Donkey Bike and ride. The longer you ride, the cheaper the minutes get.","provider_id":"donkey_thun"},{"plan_id":"donkey_thun:400","url":"https://www.donkey.bike/pricing/","name":"Ebike pricing","currency":"CHF","price":0.0,"is_taxable":false,"description":"No strings attached – with our pay as you ride option you can take short or long trips in the city. Forget about calculations, just get on a Donkey Bike and ride. The longer you ride, the cheaper the minutes get.","provider_id":"donkey_thun"},{"plan_id":"donkey_thun:274","url":"https://www.donkey.bike/pricing/","name":"Bike pricing","currency":"CHF","price":0.0,"is_taxable":false,"description":"No strings attached – with our pay as you ride option you can take short or long trips in the city. Forget about calculations, just get on a Donkey Bike and ride. The longer you ride, the cheaper the minutes get.","provider_id":"donkey_thun"},{"plan_id":"donkey_neuchatel:631","url":"https://www.donkey.bike/pricing/","name":"Trailer pricing","currency":"CHF","price":0.0,"is_taxable":false,"description":"No strings attached – with our pay as you ride option you can take short or long trips in the city. Forget about calculations, just get on a Donkey Bike and ride. The longer you ride, the cheaper the minutes get.","provider_id":"donkey_neuchatel"},{"plan_id":"donkey_neuchatel:28","url":"https://www.donkey.bike/pricing/","name":"Bike pricing","currency":"CHF","price":0.0,"is_taxable":false,"description":"No strings attached – with our pay as you ride option you can take short or long trips in the city. Forget about calculations, just get on a Donkey Bike and ride. The longer you ride, the cheaper the minutes get.","provider_id":"donkey_neuchatel"}]}}