{"last_updated":1769012106,"ttl":60,"version":"2.0","data":{"providers":[{"provider_id":"share_birrer_ch","name":"Share Birrer AG","vehicle_type":"E-Car","timezone":"Europe/Zurich","last_updated":1769011508},{"provider_id":"pickebike_basel","name":"Basel","vehicle_type":"E-Moped","timezone":"Europe/Zurich","rental_apps":{"ios":{"store_uri":"https://apps.apple.com/ch/app/pick-e-bike/id1373747610","discovery_uri":"pickebike://"},"android":{"store_uri":"https://play.google.com/store/apps/details?id=ch.pickebike","discovery_uri":"pickebike://"}},"phone_number":"+41848020304","last_updated":1769011980},{"provider_id":"liemobil_liechtenstein","name":"Liechtenstein","vehicle_type":"E-Bike","timezone":"Europe/Zurich","phone_number":"+4232379494","last_updated":1769011680},{"provider_id":"pickebike_fribourg","name":"Fribourg","vehicle_type":"E-Moped","timezone":"Europe/Zurich","rental_apps":{"ios":{"store_uri":"https://apps.apple.com/ch/app/pick-e-bike/id1373747610","discovery_uri":"pickebike://"},"android":{"store_uri":"https://play.google.com/store/apps/details?id=ch.pickebike","discovery_uri":"pickebike://"}},"phone_number":"+41848020304","last_updated":1769011681},{"provider_id":"donkey_kreuzlingen","name":"Donkey Republic Kreuzlingen","vehicle_type":"E-CargoBike","timezone":"Europe/Zurich","rental_apps":{"ios":{"store_uri":"https://apps.apple.com/pl/app/donkey-republic/id933526449","discovery_uri":"donkey://"},"android":{"store_uri":"https://play.google.com/store/apps/details?id=com.donkeyrepublic.bike.android","discovery_uri":"https://dnky.bike"}},"url":"https://www.donkey.bike/cities/bike-rental-kreuzlingen/","phone_number":"0041 31 539 18 90","purchase_url":"https://www.donkey.bike/pricing/","email":"support@donkeyrepublic.com","last_updated":1769011911},{"provider_id":"voiscooters.com","name":"Voi Technology AB","vehicle_type":"E-Bike","timezone":"Europe/Zurich","rental_apps":{"ios":{"store_uri":"https://apps.apple.com/app/id1395921017?mt=8","discovery_uri":"voiapp://closest_vehicle"},"android":{"store_uri":"https://play.google.com/store/apps/details?id=io.voiapp.voi&hl=en&gl=US","discovery_uri":"voiapp://closest_vehicle"}},"url":"https://www.voiscooters.com/","email":"support@voiapp.io","last_updated":1769011868},{"provider_id":"bird-platform-partner-jmfleetswl-biel","name":"bird platform partner jmfleetswl biel","vehicle_type":"E-Bike","timezone":"Europe/Zurich","rental_apps":{"ios":{"store_uri":"https://apps.apple.com/us/app/bird-be-free-enjoy-the-ride/id1260842311","discovery_uri":"bird://"},"android":{"store_uri":"https://play.google.com/store/apps/details?id=co.bird.android","discovery_uri":"bird://charger-onboarding"}},"url":"https://www.bird.co","last_updated":1769011866},{"provider_id":"lime_zurich","name":"Lime City partners from Partners::RegionFeedMediator","vehicle_type":"Bike","timezone":"Europe/Zurich","url":"https://www.li.me","last_updated":1769012019},{"provider_id":"mobility","name":"Mobility","vehicle_type":"E-Car","timezone":"Europe/Zurich","url":"https://www.mobility.ch","email":"office@mobility.ch","last_updated":1769012025},{"provider_id":"nextbike_ch","name":"nextbike Switzerland","vehicle_type":"E-Bike","timezone":"Europe/Zurich","rental_apps":{"ios":{"store_uri":"https://apps.apple.com/app/id504288371","discovery_uri":"nextbike://"},"android":{"store_uri":"https://play.google.com/store/apps/details?id=de.nextbike","discovery_uri":"https://app.nextbike.net/"}},"url":"https://www.nextbike.ch/","phone_number":"0041415080800","email":"info@nextbike.ch","last_updated":1769011680},{"provider_id":"2em_cars","name":"2EM Car Sharing","vehicle_type":"E-Car","timezone":"Europe/Zurich","rental_apps":{"ios":{"store_uri":"https://apps.apple.com/fr/app/2em-car-sharing/id1517096697","discovery_uri":"ch.2em://"},"android":{"store_uri":"https://play.google.com/store/apps/details?id=ch.app2em","discovery_uri":"ch.2em://"}},"url":"https://www.2em.ch","phone_number":"0041 58 255 28 66","purchase_url":"https://www.2em.ch","email":"contact@2em.ch","last_updated":1769011805},{"provider_id":"carvelo2go","name":"carvelo eCargo-Bike Sharing","vehicle_type":"Bike","timezone":"Europe/Zurich","rental_apps":{"ios":{"store_uri":"https://itunes.apple.com/ch/app/carvelo2go/id1272672674?mt=8","discovery_uri":"ch.carvelo2go.ios://"},"android":{"store_uri":"https://play.google.com/store/apps/details?id=ch.carvelo2go.app","discovery_uri":"ch.carvelo2go.app://"}},"url":"https://www.carvelo.ch","phone_number":"058 827 34 14","email":"info@carvelo.ch","last_updated":1769011941},{"provider_id":"nextbike_ms","name":"invia BikeShare","vehicle_type":"E-CargoBike","timezone":"Europe/Zurich","rental_apps":{"ios":{"store_uri":"https://apps.apple.com/app/id504288371","discovery_uri":"nextbike://"},"android":{"store_uri":"https://play.google.com/store/apps/details?id=de.nextbike","discovery_uri":"https://app.nextbike.net/"}},"url":"https://www.mooinz.ch/","phone_number":"0041415080800","email":"mooinz@nextbike.ch","last_updated":1769011789},{"provider_id":"bolt_zurich","name":"Bolt Technology OÜ","vehicle_type":"Bike","timezone":"Europe/Zurich","rental_apps":{"ios":{"store_uri":"https://bolt.onelink.me/sbJ2/payzone?client_id=bray_payzone&deep_link_value=GBFS_PROVIDER_DEEPLINK","discovery_uri":"bolt://"},"android":{"store_uri":"https://bolt.onelink.me/sbJ2/payzone?client_id=bray_payzone&deep_link_value=GBFS_PROVIDER_DEEPLINK","discovery_uri":"bolt://"}},"url":"https://www.bolt.eu/","last_updated":1769012022},{"provider_id":"lime_zug","name":"Lime City partners from Partners::RegionFeedMediator","vehicle_type":"E-Bike","timezone":"Europe/Zurich","url":"https://www.li.me","last_updated":1769011798},{"provider_id":"velospot","name":"Velospot","vehicle_type":"E-Bike","timezone":"Europe/Zurich","url":"https://www.velospot.info/customer/public","email":"info@velospot.ch","last_updated":1769007300},{"provider_id":"lime_uster","name":"Lime City partners from Partners::RegionFeedMediator","vehicle_type":"E-Bike","timezone":"Europe/Zurich","url":"https://www.li.me","last_updated":1769011870},{"provider_id":"donkey_thun","name":"Donkey Republic Thun","vehicle_type":"E-CargoBike","timezone":"Europe/Zurich","rental_apps":{"ios":{"store_uri":"https://apps.apple.com/pl/app/donkey-republic/id933526449","discovery_uri":"donkey://"},"android":{"store_uri":"https://play.google.com/store/apps/details?id=com.donkeyrepublic.bike.android","discovery_uri":"https://dnky.bike"}},"url":"https://www.donkey.bike/cities/bike-rental-thun/","phone_number":"0041 31 539 18 90","purchase_url":"https://www.donkey.bike/pricing/","email":"support@donkeyrepublic.com","last_updated":1769011717},{"provider_id":"donkey_ge","name":"Donkey Republic Geneva","vehicle_type":"E-Bike","timezone":"Europe/Zurich","rental_apps":{"ios":{"store_uri":"https://apps.apple.com/pl/app/donkey-republic/id933526449","discovery_uri":"donkey://"},"android":{"store_uri":"https://play.google.com/store/apps/details?id=com.donkeyrepublic.bike.android","discovery_uri":"https://dnky.bike"}},"url":"https://www.donkey.bike/cities/bike-rental-geneva/","phone_number":"+41315391890","purchase_url":"https://www.donkey.bike/pricing/","email":"support@donkeyrepublic.com","last_updated":1769011923},{"provider_id":"bird-biel","name":"bird biel","vehicle_type":"E-Bike","timezone":"Europe/Zurich","rental_apps":{"ios":{"store_uri":"https://apps.apple.com/us/app/bird-be-free-enjoy-the-ride/id1260842311","discovery_uri":"bird://"},"android":{"store_uri":"https://play.google.com/store/apps/details?id=co.bird.android","discovery_uri":"bird://charger-onboarding"}},"url":"https://www.bird.co","last_updated":1769011866},{"provider_id":"pickebike_aubonne","name":"Aubonne","vehicle_type":"E-Moped","timezone":"Europe/Zurich","rental_apps":{"ios":{"store_uri":"https://apps.apple.com/ch/app/pick-e-bike/id1373747610","discovery_uri":"pickebike://"},"android":{"store_uri":"https://play.google.com/store/apps/details?id=ch.pickebike","discovery_uri":"pickebike://"}},"phone_number":"+41218215400","last_updated":1769011920},{"provider_id":"bird-platform-partner-jmfleets-bulle","name":"bird platform partner jmfleets bulle","vehicle_type":"E-Bike","timezone":"Europe/Zurich","rental_apps":{"ios":{"store_uri":"https://apps.apple.com/us/app/bird-be-free-enjoy-the-ride/id1260842311","discovery_uri":"bird://"},"android":{"store_uri":"https://play.google.com/store/apps/details?id=co.bird.android","discovery_uri":"bird://charger-onboarding"}},"url":"https://www.bird.co","last_updated":1769011722},{"provider_id":"bird-zurich","name":"bird zurich","vehicle_type":"E-Bike","timezone":"Europe/Zurich","rental_apps":{"ios":{"store_uri":"https://apps.apple.com/us/app/bird-be-free-enjoy-the-ride/id1260842311","discovery_uri":"bird://"},"android":{"store_uri":"https://play.google.com/store/apps/details?id=co.bird.android","discovery_uri":"bird://charger-onboarding"}},"url":"https://www.bird.co","last_updated":1769012026},{"provider_id":"mybuxi_ch","name":"mybuxi","vehicle_type":"E-Car","timezone":"Europe/Zurich","last_updated":1768398445},{"provider_id":"bolt_basel","name":"Bolt Technology OÜ","vehicle_type":"Bike","timezone":"Europe/Zurich","rental_apps":{"ios":{"store_uri":"https://bolt.onelink.me/sbJ2/payzone?client_id=bray_payzone&deep_link_value=GBFS_PROVIDER_DEEPLINK","discovery_uri":"bolt://"},"android":{"store_uri":"https://bolt.onelink.me/sbJ2/payzone?client_id=bray_payzone&deep_link_value=GBFS_PROVIDER_DEEPLINK","discovery_uri":"bolt://"}},"url":"https://www.bolt.eu/","last_updated":1769011789},{"provider_id":"publibike","name":"PubliBike","vehicle_type":"E-Bike","timezone":"Europe/Zurich","url":"https://publibike.ch","email":"customerservice@publibike.ch","last_updated":1769011861},{"provider_id":"bird-grenchen","name":"bird grenchen","vehicle_type":"E-Bike","timezone":"Europe/Zurich","rental_apps":{"ios":{"store_uri":"https://apps.apple.com/us/app/bird-be-free-enjoy-the-ride/id1260842311","discovery_uri":"bird://"},"android":{"store_uri":"https://play.google.com/store/apps/details?id=co.bird.android","discovery_uri":"bird://charger-onboarding"}},"url":"https://www.bird.co","last_updated":1769011867},{"provider_id":"bird-kloten","name":"bird kloten","vehicle_type":"E-Bike","timezone":"Europe/Zurich","rental_apps":{"ios":{"store_uri":"https://apps.apple.com/us/app/bird-be-free-enjoy-the-ride/id1260842311","discovery_uri":"bird://"},"android":{"store_uri":"https://play.google.com/store/apps/details?id=co.bird.android","discovery_uri":"bird://charger-onboarding"}},"url":"https://www.bird.co","last_updated":1769011792},{"provider_id":"lime_basel","name":"Lime City partners from Partners::RegionFeedMediator","vehicle_type":"E-Bike","timezone":"Europe/Zurich","url":"https://www.li.me","last_updated":1769011944},{"provider_id":"donkey_yverdon-les-bains","name":"Donkey Republic Yverdon-les-Bains","vehicle_type":"Bike","timezone":"Europe/Zurich","rental_apps":{"ios":{"store_uri":"https://apps.apple.com/pl/app/donkey-republic/id933526449","discovery_uri":"donkey://"},"android":{"store_uri":"https://play.google.com/store/apps/details?id=com.donkeyrepublic.bike.android","discovery_uri":"https://dnky.bike"}},"url":"https://www.donkey.bike/cities/bike-rental-yverdon-les-bains/","phone_number":"0041 31 539 18 90","purchase_url":"https://www.donkey.bike/pricing/","email":"support@donkeyrepublic.com","last_updated":1769011840},{"provider_id":"lime_winterthur","name":"Lime City partners from Partners::RegionFeedMediator","vehicle_type":"E-Bike","timezone":"Europe/Zurich","url":"https://www.li.me","last_updated":1769011941},{"provider_id":"lime_opfikon","name":"Lime City partners from Partners::RegionFeedMediator","vehicle_type":"E-Bike","timezone":"Europe/Zurich","url":"https://www.li.me","last_updated":1769011788},{"provider_id":"donkey_neuchatel","name":"Donkey Republic Neuchâtel","vehicle_type":"Bike","timezone":"Europe/Zurich","rental_apps":{"ios":{"store_uri":"https://apps.apple.com/pl/app/donkey-republic/id933526449","discovery_uri":"donkey://"},"android":{"store_uri":"https://play.google.com/store/apps/details?id=com.donkeyrepublic.bike.android","discovery_uri":"https://dnky.bike"}},"url":"https://www.donkey.bike/cities/bike-rental-neuchatel/","phone_number":"0041 31 539 18 90","purchase_url":"https://www.donkey.bike/pricing/","email":"support@donkeyrepublic.com","last_updated":1769011839},{"provider_id":"lime_wetzikon","name":"Lime City partners from Partners::RegionFeedMediator","vehicle_type":"E-Bike","timezone":"Europe/Zurich","url":"https://www.li.me","last_updated":1769012018},{"provider_id":"edrivecarsharing","name":"edrive carsharing AG","vehicle_type":"E-Car","timezone":"Europe/Zurich","url":"https://www.edrivecarsharing.ch/","purchase_url":"https://www.edrivecarsharing.ch/","last_updated":1769011558},{"provider_id":"bird-basel","name":"bird basel","vehicle_type":"E-Bike","timezone":"Europe/Zurich","rental_apps":{"ios":{"store_uri":"https://apps.apple.com/us/app/bird-be-free-enjoy-the-ride/id1260842311","discovery_uri":"bird://"},"android":{"store_uri":"https://play.google.com/store/apps/details?id=co.bird.android","discovery_uri":"bird://charger-onboarding"}},"url":"https://www.bird.co","last_updated":1769011948},{"provider_id":"bird-winterthur","name":"bird winterthur","vehicle_type":"E-Bike","timezone":"Europe/Zurich","rental_apps":{"ios":{"store_uri":"https://apps.apple.com/us/app/bird-be-free-enjoy-the-ride/id1260842311","discovery_uri":"bird://"},"android":{"store_uri":"https://play.google.com/store/apps/details?id=co.bird.android","discovery_uri":"bird://charger-onboarding"}},"url":"https://www.bird.co","last_updated":1769011793},{"provider_id":"bird-schaffhausen","name":"bird schaffhausen","vehicle_type":"E-Bike","timezone":"Europe/Zurich","rental_apps":{"ios":{"store_uri":"https://apps.apple.com/us/app/bird-be-free-enjoy-the-ride/id1260842311","discovery_uri":"bird://"},"android":{"store_uri":"https://play.google.com/store/apps/details?id=co.bird.android","discovery_uri":"bird://charger-onboarding"}},"url":"https://www.bird.co","last_updated":1769012027},{"provider_id":"donkey_le_locle","name":"Donkey Republic Le Locle","vehicle_type":"Bike","timezone":"Europe/Zurich","rental_apps":{"ios":{"store_uri":"https://apps.apple.com/pl/app/donkey-republic/id933526449","discovery_uri":"donkey://"},"android":{"store_uri":"https://play.google.com/store/apps/details?id=com.donkeyrepublic.bike.android","discovery_uri":"https://dnky.bike"}},"url":"https://www.donkey.bike/cities/bike-rental-le-locle/","phone_number":"0041 31 539 18 90","purchase_url":"https://www.donkey.bike/pricing/","email":"support@donkeyrepublic.com","last_updated":1769011716},{"provider_id":"sponti","name":"Sponti-Car","vehicle_type":"E-Car","timezone":"Europe/Zurich","url":"https://app.ibiola.com","phone_number":"+41794306077","email":"info@sponti-car.ch","last_updated":1769009989}]}}